[
  {
    "id": 1,
    "title": "BUDDHA",
    "description": "This hand-painted piece of art is created with great zeal and perfection. We believe in quality all artworks at artoholic are created by renowed artists with their expertise, We use high quality imported canvas and colors. Life of our artworks are more than 50+ years. Totally hand-painted by us with new techniques and formations.",
    "price": 9000,
    "rating": 4.69,
    "stock": 94,
    "category": "modern drawings",
    "thumbnail": "https://images.unsplash.com/photo-1553604313-0ab9f355d4d1?ixlib=rb-4.0.3&ixid=MnwxMjA3fDB8MHxzZWFyY2h8MTl8fGJ1ZGRoYSUyMHBhaW50aW5nfGVufDB8fDB8fA%3D%3D&auto=format&fit=crop&w=500&q=60"
  },
  {
    "id": 2,
    "title": "Modern BUDDHA",
    "description": "This hand-painted piece of art is created with great zeal and perfection. We believe in quality all artworks at artoholic are created by renowed artists with their expertise, We use high quality imported canvas and colors. Life of our artworks are more than 50+ years. Totally hand-painted by us with new techniques and formations.",
    "price": 8990,
    "rating": 4.44,
    "stock": 34,
    "category": "modern drawings",
    "thumbnail": "https://images.unsplash.com/photo-1609745772921-f520289e9618?ixlib=rb-4.0.3&ixid=MnwxMjA3fDB8MHxzZWFyY2h8M3x8YnVkZGhhJTIwcGFpbnRpbmd8ZW58MHx8MHx8&auto=format&fit=crop&w=500&q=60"
  },
  {
    "id": 3,
    "title": "UNTITLED",
    "description": "Tribal entertainment on specious occasions",
    "price": 1249,
    "rating": 4.09,
    "stock": 36,
    "category": "abstract paintings",
    "thumbnail": "https://images.unsplash.com/photo-1605721911519-3dfeb3be25e7?ixlib=rb-4.0.3&ixid=MnwxMjA3fDB8MHxwaG90by1wYWdlfHx8fGVufDB8fHx8&auto=format&fit=crop&w=435&q=80"
  },
  {
    "id": 4,
    "title": "Modern Art",
    "description": "Painting shows importance of water in life it's not only responsibility of women but man also to help the women",
    "price": 2875,
    "rating": 4.3,
    "stock": 123,
    "category": "abstract paintings",
    "thumbnail": "//gallerist.in/cdn/shop/products/modern-art-54_180x.jpg?v=1664460260 180w, //gallerist.in/cdn/shop/products/modern-art-54_360x.jpg?v=1664460260 360w, //gallerist.in/cdn/shop/products/modern-art-54_540x.jpg?v=1664460260 540w, //gallerist.in/cdn/shop/products/modern-art-54_720x.jpg?v=1664460260 720w, //gallerist.in/cdn/shop/products/modern-art-54_900x.jpg?v=1664460260 900w, //gallerist.in/cdn/shop/products/modern-art-54_1080x.jpg?v=1664460260 1080w, //gallerist.in/cdn/shop/products/modern-art-54_1296x.jpg?v=1664460260 1296w, //gallerist.in/cdn/shop/products/modern-art-54_1512x.jpg?v=1664460260 1512w, //gallerist.in/cdn/shop/products/modern-art-54_1728x.jpg?v=1664460260 1728w, //gallerist.in/cdn/shop/products/modern-art-54_1950x.jpg?v=1664460260 1950w, //gallerist.in/cdn/shop/products/modern-art-54_2100x.jpg?v=1664460260 2100w, //gallerist.in/cdn/shop/products/modern-art-54_2260x.jpg?v=1664460260 2260w, //gallerist.in/cdn/shop/products/modern-art-54_2450x.jpg?v=1664460260 2450w, //gallerist.in/cdn/shop/products/modern-art-54_2700x.jpg?v=1664460260 2700w, //gallerist.in/cdn/shop/products/modern-art-54_3000x.jpg?v=1664460260 3000w, //gallerist.in/cdn/shop/products/modern-art-54_3350x.jpg?v=1664460260 3350w, //gallerist.in/cdn/shop/products/modern-art-54_3750x.jpg?v=1664460260 3750w, //gallerist.in/cdn/shop/products/modern-art-54_4100x.jpg?v=1664460260 4100w"
  },
  {
    "id": 5,
    "title": "THE COSMIC HAPPINESS_II",
    "description": "The Witness- An expression of witnessing the Universe's chaos & turmoil and emergence of Cosmic energies out of it.",
    "price": 22500,
    "rating": 4.09,
    "stock": 32,
    "category": "abstract paintings",
    "thumbnail": "https://images.unsplash.com/photo-1618331835717-801e976710b2?ixlib=rb-4.0.3&ixid=MnwxMjA3fDB8MHxzZWFyY2h8NXx8cGFpbnRpbmdzfGVufDB8fDB8fA%3D%3D&auto=format&fit=crop&w=500&q=60"
  },
  {
    "id": 6,
    "title": "THE PLEASURE ZONE",
    "description": "An abstract representation depicting The Pleasure Zone",
    "price": 1749,
    "rating": 4.57,
    "stock": 83,
    "category": "abstract paintings",
    "thumbnail": "https://images.unsplash.com/photo-1549289524-06cf8837ace5?ixlib=rb-4.0.3&ixid=MnwxMjA3fDB8MHxzZWFyY2h8OHx8cGFpbnRpbmdzfGVufDB8fDB8fA%3D%3D&auto=format&fit=crop&w=500&q=60"
  },
  {
    "id": 7,
    "title": "Abstract Wall",
    "description": "Abstract wall done with tissue paper",
    "price": 1499,
    "rating": 4.25,
    "stock": 50,
    "category": "abstract paintings",
    "thumbnail": "https://images.unsplash.com/photo-1556005693-00fff02f134c?ixlib=rb-4.0.3&ixid=MnwxMjA3fDB8MHxzZWFyY2h8MTF8fHBhaW50aW5nc3xlbnwwfHwwfHw%3D&auto=format&fit=crop&w=500&q=60"
  },
  {
    "id": 8,
    "title": "Ganesha",
    "description": "Lord Ganesha Abstract drawing.",
    "price": 5000,
    "rating": 4.43,
    "stock": 68,
    "category": "abstract paintings",
    "thumbnail": "https://images.unsplash.com/photo-1578301978693-85fa9c0320b9?ixlib=rb-4.0.3&ixid=MnwxMjA3fDB8MHxzZWFyY2h8MTV8fHBhaW50aW5nc3xlbnwwfHwwfHw%3D&auto=format&fit=crop&w=500&q=60"
  },
  {
    "id": 9,
    "title": "The Winner",
    "description": "Smile and tears choice is yours...",
    "price": 25000,
    "rating": 4.54,
    "stock": 96,
    "category": "abstract paintings",
    "thumbnail": "https://images.unsplash.com/photo-1535554773938-5c4b52cf8d98?ixlib=rb-4.0.3&ixid=MnwxMjA3fDB8MHxzZWFyY2h8MjB8fHBhaW50aW5nc3xlbnwwfHwwfHw%3D&auto=format&fit=crop&w=500&q=60"
  },
  {
    "id": 10,
    "title": "Connection",
    "description": "An abstract fluid Acrylic art work suitable for all the kinds of spaces.",
    "price": 5625.0,
    "rating": 4.43,
    "stock": 89,
    "category": "abstract paintings",
    "thumbnail": "https://images.unsplash.com/photo-1515405295579-ba7b45403062?ixlib=rb-4.0.3&ixid=MnwxMjA3fDB8MHxzZWFyY2h8MTZ8fHBhaW50aW5nc3xlbnwwfHwwfHw%3D&auto=format&fit=crop&w=500&q=60"
  },
  {
    "id": 11,
    "title": "THE WITNESS",
    "description": "The Witness- An expression of witnessing the Universe's chaos & turmoil and emergence of Cosmic energies out of it.",
    "price": 20000,
    "rating": 4.26,
    "stock": 65,
    "category": "abstract paintings",
    "thumbnail": "https://cdn.pixabay.com/photo/2017/10/31/07/49/horses-2904536_640.jpg"
  },
  {
    "id": 12,
    "title": "GOLDEN ABSTRACT",
    "description": "Golden trees on a silver base.",
    "price": 5937.5,
    "rating": 4,
    "stock": 52,
    "category": "abstract paintings",
    "thumbnail": "//gallerist.in/cdn/shop/products/golden-abstract-1_180x.jpg?v=1664391799 180w, //gallerist.in/cdn/shop/products/golden-abstract-1_360x.jpg?v=1664391799 360w, //gallerist.in/cdn/shop/products/golden-abstract-1_540x.jpg?v=1664391799 540w, //gallerist.in/cdn/shop/products/golden-abstract-1_720x.jpg?v=1664391799 720w, //gallerist.in/cdn/shop/products/golden-abstract-1_900x.jpg?v=1664391799 900w, //gallerist.in/cdn/shop/products/golden-abstract-1_1080x.jpg?v=1664391799 1080w, //gallerist.in/cdn/shop/products/golden-abstract-1_1296x.jpg?v=1664391799 1296w, //gallerist.in/cdn/shop/products/golden-abstract-1_1512x.jpg?v=1664391799 1512w, //gallerist.in/cdn/shop/products/golden-abstract-1_1728x.jpg?v=1664391799 1728w, //gallerist.in/cdn/shop/products/golden-abstract-1_1950x.jpg?v=1664391799 1950w, //gallerist.in/cdn/shop/products/golden-abstract-1_2100x.jpg?v=1664391799 2100w, //gallerist.in/cdn/shop/products/golden-abstract-1_2260x.jpg?v=1664391799 2260w, //gallerist.in/cdn/shop/products/golden-abstract-1_2450x.jpg?v=1664391799 2450w, //gallerist.in/cdn/shop/products/golden-abstract-1_2700x.jpg?v=1664391799 2700w, //gallerist.in/cdn/shop/products/golden-abstract-1_3000x.jpg?v=1664391799 3000w, //gallerist.in/cdn/shop/products/golden-abstract-1_3350x.jpg?v=1664391799 3350w, //gallerist.in/cdn/shop/products/golden-abstract-1_3750x.jpg?v=1664391799 3750w, //gallerist.in/cdn/shop/products/golden-abstract-1_4100x.jpg?v=1664391799 4100w"
  },
  {
    "id": 13,
    "title": "THE BLUE GIRL",
    "description": "Pop art (Vector art) portrait to brighten-up any dull space",
    "price": 3125,
    "rating": 4.59,
    "stock": 61,
    "category": "abstract paintings",
    "thumbnail": "//gallerist.in/cdn/shop/products/the-blue-girl_180x.jpg?v=1664397495 180w, //gallerist.in/cdn/shop/products/the-blue-girl_360x.jpg?v=1664397495 360w, //gallerist.in/cdn/shop/products/the-blue-girl_540x.jpg?v=1664397495 540w, //gallerist.in/cdn/shop/products/the-blue-girl_720x.jpg?v=1664397495 720w, //gallerist.in/cdn/shop/products/the-blue-girl_900x.jpg?v=1664397495 900w, //gallerist.in/cdn/shop/products/the-blue-girl_1080x.jpg?v=1664397495 1080w, //gallerist.in/cdn/shop/products/the-blue-girl_1296x.jpg?v=1664397495 1296w, //gallerist.in/cdn/shop/products/the-blue-girl_1512x.jpg?v=1664397495 1512w, //gallerist.in/cdn/shop/products/the-blue-girl_1728x.jpg?v=1664397495 1728w, //gallerist.in/cdn/shop/products/the-blue-girl_1950x.jpg?v=1664397495 1950w, //gallerist.in/cdn/shop/products/the-blue-girl_2100x.jpg?v=1664397495 2100w, //gallerist.in/cdn/shop/products/the-blue-girl_2260x.jpg?v=1664397495 2260w, //gallerist.in/cdn/shop/products/the-blue-girl_2450x.jpg?v=1664397495 2450w, //gallerist.in/cdn/shop/products/the-blue-girl_2700x.jpg?v=1664397495 2700w, //gallerist.in/cdn/shop/products/the-blue-girl_3000x.jpg?v=1664397495 3000w, //gallerist.in/cdn/shop/products/the-blue-girl_3350x.jpg?v=1664397495 3350w, //gallerist.in/cdn/shop/products/the-blue-girl_3750x.jpg?v=1664397495 3750w, //gallerist.in/cdn/shop/products/the-blue-girl_4100x.jpg?v=1664397495 4100w"
  },
  {
    "id": 14,
    "title": "PAUDHA",
    "description": "A floral leaf abstract",
    "price": 120000,
    "rating": 4.21,
    "stock": 114,
    "category": "abstract paintings",
    "thumbnail": "//gallerist.in/cdn/shop/products/paudha_180x.jpg?v=1664391804 180w, //gallerist.in/cdn/shop/products/paudha_360x.jpg?v=1664391804 360w, //gallerist.in/cdn/shop/products/paudha_540x.jpg?v=1664391804 540w, //gallerist.in/cdn/shop/products/paudha_720x.jpg?v=1664391804 720w, //gallerist.in/cdn/shop/products/paudha_900x.jpg?v=1664391804 900w, //gallerist.in/cdn/shop/products/paudha_1080x.jpg?v=1664391804 1080w, //gallerist.in/cdn/shop/products/paudha_1296x.jpg?v=1664391804 1296w, //gallerist.in/cdn/shop/products/paudha_1512x.jpg?v=1664391804 1512w, //gallerist.in/cdn/shop/products/paudha_1728x.jpg?v=1664391804 1728w, //gallerist.in/cdn/shop/products/paudha_1950x.jpg?v=1664391804 1950w, //gallerist.in/cdn/shop/products/paudha_2100x.jpg?v=1664391804 2100w, //gallerist.in/cdn/shop/products/paudha_2260x.jpg?v=1664391804 2260w, //gallerist.in/cdn/shop/products/paudha_2450x.jpg?v=1664391804 2450w, //gallerist.in/cdn/shop/products/paudha_2700x.jpg?v=1664391804 2700w, //gallerist.in/cdn/shop/products/paudha_3000x.jpg?v=1664391804 3000w, //gallerist.in/cdn/shop/products/paudha_3350x.jpg?v=1664391804 3350w, //gallerist.in/cdn/shop/products/paudha_3750x.jpg?v=1664391804 3750w, //gallerist.in/cdn/shop/products/paudha_4100x.jpg?v=1664391804 4100w"
  },
  {
    "id": 15,
    "title": "Pop Of Golden",
    "description": "This painting is the expression of ideas and emotions, to help create an aesthetic art piece.",
    "price": 6250,
    "rating": 4.7,
    "stock": 105,
    "category": "abstract paintings",
    "thumbnail": "//gallerist.in/cdn/shop/products/pop-of-golden_180x.jpg?v=1664396307 180w, //gallerist.in/cdn/shop/products/pop-of-golden_360x.jpg?v=1664396307 360w, //gallerist.in/cdn/shop/products/pop-of-golden_540x.jpg?v=1664396307 540w, //gallerist.in/cdn/shop/products/pop-of-golden_720x.jpg?v=1664396307 720w, //gallerist.in/cdn/shop/products/pop-of-golden_900x.jpg?v=1664396307 900w, //gallerist.in/cdn/shop/products/pop-of-golden_1080x.jpg?v=1664396307 1080w, //gallerist.in/cdn/shop/products/pop-of-golden_1296x.jpg?v=1664396307 1296w, //gallerist.in/cdn/shop/products/pop-of-golden_1512x.jpg?v=1664396307 1512w, //gallerist.in/cdn/shop/products/pop-of-golden_1728x.jpg?v=1664396307 1728w, //gallerist.in/cdn/shop/products/pop-of-golden_1950x.jpg?v=1664396307 1950w, //gallerist.in/cdn/shop/products/pop-of-golden_2100x.jpg?v=1664396307 2100w, //gallerist.in/cdn/shop/products/pop-of-golden_2260x.jpg?v=1664396307 2260w, //gallerist.in/cdn/shop/products/pop-of-golden_2450x.jpg?v=1664396307 2450w, //gallerist.in/cdn/shop/products/pop-of-golden_2700x.jpg?v=1664396307 2700w, //gallerist.in/cdn/shop/products/pop-of-golden_3000x.jpg?v=1664396307 3000w, //gallerist.in/cdn/shop/products/pop-of-golden_3350x.jpg?v=1664396307 3350w, //gallerist.in/cdn/shop/products/pop-of-golden_3750x.jpg?v=1664396307 3750w, //gallerist.in/cdn/shop/products/pop-of-golden_4100x.jpg?v=1664396307 4100w"
  },
  {
    "id": 16,
    "title": "ABSTRACT",
    "description": "An abstract reflecting colours with florel look too. An unframed canvas.",
    "price": 12500,
    "rating": 4.83,
    "stock": 110,
    "category": "abstract paintings",
    "thumbnail": "//gallerist.in/cdn/shop/products/abstract10_180x.jpg?v=1664391805 180w, //gallerist.in/cdn/shop/products/abstract10_360x.jpg?v=1664391805 360w, //gallerist.in/cdn/shop/products/abstract10_540x.jpg?v=1664391805 540w, //gallerist.in/cdn/shop/products/abstract10_720x.jpg?v=1664391805 720w, //gallerist.in/cdn/shop/products/abstract10_900x.jpg?v=1664391805 900w, //gallerist.in/cdn/shop/products/abstract10_1080x.jpg?v=1664391805 1080w, //gallerist.in/cdn/shop/products/abstract10_1296x.jpg?v=1664391805 1296w, //gallerist.in/cdn/shop/products/abstract10_1512x.jpg?v=1664391805 1512w, //gallerist.in/cdn/shop/products/abstract10_1728x.jpg?v=1664391805 1728w, //gallerist.in/cdn/shop/products/abstract10_1950x.jpg?v=1664391805 1950w, //gallerist.in/cdn/shop/products/abstract10_2100x.jpg?v=1664391805 2100w, //gallerist.in/cdn/shop/products/abstract10_2260x.jpg?v=1664391805 2260w, //gallerist.in/cdn/shop/products/abstract10_2450x.jpg?v=1664391805 2450w, //gallerist.in/cdn/shop/products/abstract10_2700x.jpg?v=1664391805 2700w, //gallerist.in/cdn/shop/products/abstract10_3000x.jpg?v=1664391805 3000w, //gallerist.in/cdn/shop/products/abstract10_3350x.jpg?v=1664391805 3350w, //gallerist.in/cdn/shop/products/abstract10_3750x.jpg?v=1664391805 3750w, //gallerist.in/cdn/shop/products/abstract10_4100x.jpg?v=1664391805 4100w"
  },
  {
    "id": 17,
    "title": "Krishna And Arjuna",
    "description": "Krishna and Arjuana in the battle field.",
    "price": 15000,
    "rating": 4.52,
    "stock": 78,
    "category": "abstract paintings",
    "thumbnail": "//gallerist.in/cdn/shop/products/krishna-and-arjuna_180x.jpg?v=1664397768 180w, //gallerist.in/cdn/shop/products/krishna-and-arjuna_360x.jpg?v=1664397768 360w, //gallerist.in/cdn/shop/products/krishna-and-arjuna_540x.jpg?v=1664397768 540w, //gallerist.in/cdn/shop/products/krishna-and-arjuna_720x.jpg?v=1664397768 720w, //gallerist.in/cdn/shop/products/krishna-and-arjuna_900x.jpg?v=1664397768 900w, //gallerist.in/cdn/shop/products/krishna-and-arjuna_1080x.jpg?v=1664397768 1080w, //gallerist.in/cdn/shop/products/krishna-and-arjuna_1296x.jpg?v=1664397768 1296w, //gallerist.in/cdn/shop/products/krishna-and-arjuna_1512x.jpg?v=1664397768 1512w, //gallerist.in/cdn/shop/products/krishna-and-arjuna_1728x.jpg?v=1664397768 1728w, //gallerist.in/cdn/shop/products/krishna-and-arjuna_1950x.jpg?v=1664397768 1950w, //gallerist.in/cdn/shop/products/krishna-and-arjuna_2100x.jpg?v=1664397768 2100w, //gallerist.in/cdn/shop/products/krishna-and-arjuna_2260x.jpg?v=1664397768 2260w, //gallerist.in/cdn/shop/products/krishna-and-arjuna_2450x.jpg?v=1664397768 2450w, //gallerist.in/cdn/shop/products/krishna-and-arjuna_2700x.jpg?v=1664397768 2700w, //gallerist.in/cdn/shop/products/krishna-and-arjuna_3000x.jpg?v=1664397768 3000w, //gallerist.in/cdn/shop/products/krishna-and-arjuna_3350x.jpg?v=1664397768 3350w, //gallerist.in/cdn/shop/products/krishna-and-arjuna_3750x.jpg?v=1664397768 3750w, //gallerist.in/cdn/shop/products/krishna-and-arjuna_4100x.jpg?v=1664397768 4100w"
  },
  {
    "id": 18,
    "title": "Abstract Scenery",
    "description": "Modern art with conceptual idea",
    "price": 7031,
    "rating": 4.56,
    "stock": 88,
    "category": "abstract paintings",
    "thumbnail": "//gallerist.in/cdn/shop/products/abstract-scenery_180x.jpg?v=1664398273 180w, //gallerist.in/cdn/shop/products/abstract-scenery_360x.jpg?v=1664398273 360w, //gallerist.in/cdn/shop/products/abstract-scenery_540x.jpg?v=1664398273 540w, //gallerist.in/cdn/shop/products/abstract-scenery_720x.jpg?v=1664398273 720w, //gallerist.in/cdn/shop/products/abstract-scenery_900x.jpg?v=1664398273 900w, //gallerist.in/cdn/shop/products/abstract-scenery_1080x.jpg?v=1664398273 1080w, //gallerist.in/cdn/shop/products/abstract-scenery_1296x.jpg?v=1664398273 1296w, //gallerist.in/cdn/shop/products/abstract-scenery_1512x.jpg?v=1664398273 1512w, //gallerist.in/cdn/shop/products/abstract-scenery_1728x.jpg?v=1664398273 1728w, //gallerist.in/cdn/shop/products/abstract-scenery_1950x.jpg?v=1664398273 1950w, //gallerist.in/cdn/shop/products/abstract-scenery_2100x.jpg?v=1664398273 2100w, //gallerist.in/cdn/shop/products/abstract-scenery_2260x.jpg?v=1664398273 2260w, //gallerist.in/cdn/shop/products/abstract-scenery_2450x.jpg?v=1664398273 2450w, //gallerist.in/cdn/shop/products/abstract-scenery_2700x.jpg?v=1664398273 2700w, //gallerist.in/cdn/shop/products/abstract-scenery_3000x.jpg?v=1664398273 3000w, //gallerist.in/cdn/shop/products/abstract-scenery_3350x.jpg?v=1664398273 3350w, //gallerist.in/cdn/shop/products/abstract-scenery_3750x.jpg?v=1664398273 3750w, //gallerist.in/cdn/shop/products/abstract-scenery_4100x.jpg?v=1664398273 4100w"
  },
  {
    "id": 19,
    "title": "GLASS PAINTING OF RAINBOW SILHOUETTE",
    "description": "Glass painting of a silhouette with a rainbow. The frame has a backlight to it. The painting can be customized.",
    "price": 7500,
    "rating": 4.42,
    "stock": 54,
    "category": "abstract paintings",
    "thumbnail": "//gallerist.in/cdn/shop/products/glass-painting-of-rainbow-silhouette_180x.jpg?v=1664399033 180w, //gallerist.in/cdn/shop/products/glass-painting-of-rainbow-silhouette_360x.jpg?v=1664399033 360w, //gallerist.in/cdn/shop/products/glass-painting-of-rainbow-silhouette_540x.jpg?v=1664399033 540w, //gallerist.in/cdn/shop/products/glass-painting-of-rainbow-silhouette_720x.jpg?v=1664399033 720w, //gallerist.in/cdn/shop/products/glass-painting-of-rainbow-silhouette_900x.jpg?v=1664399033 900w, //gallerist.in/cdn/shop/products/glass-painting-of-rainbow-silhouette_1080x.jpg?v=1664399033 1080w, //gallerist.in/cdn/shop/products/glass-painting-of-rainbow-silhouette_1296x.jpg?v=1664399033 1296w, //gallerist.in/cdn/shop/products/glass-painting-of-rainbow-silhouette_1512x.jpg?v=1664399033 1512w, //gallerist.in/cdn/shop/products/glass-painting-of-rainbow-silhouette_1728x.jpg?v=1664399033 1728w, //gallerist.in/cdn/shop/products/glass-painting-of-rainbow-silhouette_1950x.jpg?v=1664399033 1950w, //gallerist.in/cdn/shop/products/glass-painting-of-rainbow-silhouette_2100x.jpg?v=1664399033 2100w, //gallerist.in/cdn/shop/products/glass-painting-of-rainbow-silhouette_2260x.jpg?v=1664399033 2260w, //gallerist.in/cdn/shop/products/glass-painting-of-rainbow-silhouette_2450x.jpg?v=1664399033 2450w, //gallerist.in/cdn/shop/products/glass-painting-of-rainbow-silhouette_2700x.jpg?v=1664399033 2700w, //gallerist.in/cdn/shop/products/glass-painting-of-rainbow-silhouette_3000x.jpg?v=1664399033 3000w, //gallerist.in/cdn/shop/products/glass-painting-of-rainbow-silhouette_3350x.jpg?v=1664399033 3350w, //gallerist.in/cdn/shop/products/glass-painting-of-rainbow-silhouette_3750x.jpg?v=1664399033 3750w, //gallerist.in/cdn/shop/products/glass-painting-of-rainbow-silhouette_4100x.jpg?v=1664399033 4100w"
  },
  {
    "id": 20,
    "title": "Dancing Girl 1",
    "description": "this painting DANCING GIRL1 comes with glassed frame , the size given in discription box is including the size of the frame",
    "price": 5000,
    "rating": 4.06,
    "stock": 140,
    "category": "abstract paintings",
    "thumbnail": "//gallerist.in/cdn/shop/products/dancing-girl-1-1_180x.jpg?v=1664399842 180w, //gallerist.in/cdn/shop/products/dancing-girl-1-1_360x.jpg?v=1664399842 360w, //gallerist.in/cdn/shop/products/dancing-girl-1-1_540x.jpg?v=1664399842 540w, //gallerist.in/cdn/shop/products/dancing-girl-1-1_720x.jpg?v=1664399842 720w, //gallerist.in/cdn/shop/products/dancing-girl-1-1_900x.jpg?v=1664399842 900w, //gallerist.in/cdn/shop/products/dancing-girl-1-1_1080x.jpg?v=1664399842 1080w, //gallerist.in/cdn/shop/products/dancing-girl-1-1_1296x.jpg?v=1664399842 1296w, //gallerist.in/cdn/shop/products/dancing-girl-1-1_1512x.jpg?v=1664399842 1512w, //gallerist.in/cdn/shop/products/dancing-girl-1-1_1728x.jpg?v=1664399842 1728w, //gallerist.in/cdn/shop/products/dancing-girl-1-1_1950x.jpg?v=1664399842 1950w, //gallerist.in/cdn/shop/products/dancing-girl-1-1_2100x.jpg?v=1664399842 2100w, //gallerist.in/cdn/shop/products/dancing-girl-1-1_2260x.jpg?v=1664399842 2260w, //gallerist.in/cdn/shop/products/dancing-girl-1-1_2450x.jpg?v=1664399842 2450w, //gallerist.in/cdn/shop/products/dancing-girl-1-1_2700x.jpg?v=1664399842 2700w, //gallerist.in/cdn/shop/products/dancing-girl-1-1_3000x.jpg?v=1664399842 3000w, //gallerist.in/cdn/shop/products/dancing-girl-1-1_3350x.jpg?v=1664399842 3350w, //gallerist.in/cdn/shop/products/dancing-girl-1-1_3750x.jpg?v=1664399842 3750w, //gallerist.in/cdn/shop/products/dancing-girl-1-1_4100x.jpg?v=1664399842 4100w"
  },
  {
    "id": 21,
    "title": "Om Painting1",
    "description": "this painting comes with glassed frame , the size given in discription box is including the size of the frame",
    "price": 20000,
    "rating": 4.44,
    "stock": 133,
    "category": "abstract paintings",
    "thumbnail": "//gallerist.in/cdn/shop/products/om-painting1_180x.jpg?v=1664399845 180w, //gallerist.in/cdn/shop/products/om-painting1_360x.jpg?v=1664399845 360w, //gallerist.in/cdn/shop/products/om-painting1_540x.jpg?v=1664399845 540w, //gallerist.in/cdn/shop/products/om-painting1_720x.jpg?v=1664399845 720w, //gallerist.in/cdn/shop/products/om-painting1_900x.jpg?v=1664399845 900w, //gallerist.in/cdn/shop/products/om-painting1_1080x.jpg?v=1664399845 1080w, //gallerist.in/cdn/shop/products/om-painting1_1296x.jpg?v=1664399845 1296w, //gallerist.in/cdn/shop/products/om-painting1_1512x.jpg?v=1664399845 1512w, //gallerist.in/cdn/shop/products/om-painting1_1728x.jpg?v=1664399845 1728w, //gallerist.in/cdn/shop/products/om-painting1_1950x.jpg?v=1664399845 1950w, //gallerist.in/cdn/shop/products/om-painting1_2100x.jpg?v=1664399845 2100w, //gallerist.in/cdn/shop/products/om-painting1_2260x.jpg?v=1664399845 2260w, //gallerist.in/cdn/shop/products/om-painting1_2450x.jpg?v=1664399845 2450w, //gallerist.in/cdn/shop/products/om-painting1_2700x.jpg?v=1664399845 2700w, //gallerist.in/cdn/shop/products/om-painting1_3000x.jpg?v=1664399845 3000w, //gallerist.in/cdn/shop/products/om-painting1_3350x.jpg?v=1664399845 3350w, //gallerist.in/cdn/shop/products/om-painting1_3750x.jpg?v=1664399845 3750w, //gallerist.in/cdn/shop/products/om-painting1_4100x.jpg?v=1664399845 4100w"
  },
  {
    "id": 22,
    "title": "THREE EYED KAALI",
    "description": "Kaali, with her third eye open",
    "price": 14250,
    "rating": 4.57,
    "stock": 146,
    "category": "abstract paintings",
    "thumbnail": "//gallerist.in/cdn/shop/products/three-eyed-kaali_180x.jpg?v=1664400162 180w, //gallerist.in/cdn/shop/products/three-eyed-kaali_360x.jpg?v=1664400162 360w, //gallerist.in/cdn/shop/products/three-eyed-kaali_540x.jpg?v=1664400162 540w, //gallerist.in/cdn/shop/products/three-eyed-kaali_720x.jpg?v=1664400162 720w, //gallerist.in/cdn/shop/products/three-eyed-kaali_900x.jpg?v=1664400162 900w, //gallerist.in/cdn/shop/products/three-eyed-kaali_1080x.jpg?v=1664400162 1080w, //gallerist.in/cdn/shop/products/three-eyed-kaali_1296x.jpg?v=1664400162 1296w, //gallerist.in/cdn/shop/products/three-eyed-kaali_1512x.jpg?v=1664400162 1512w, //gallerist.in/cdn/shop/products/three-eyed-kaali_1728x.jpg?v=1664400162 1728w, //gallerist.in/cdn/shop/products/three-eyed-kaali_1950x.jpg?v=1664400162 1950w, //gallerist.in/cdn/shop/products/three-eyed-kaali_2100x.jpg?v=1664400162 2100w, //gallerist.in/cdn/shop/products/three-eyed-kaali_2260x.jpg?v=1664400162 2260w, //gallerist.in/cdn/shop/products/three-eyed-kaali_2450x.jpg?v=1664400162 2450w, //gallerist.in/cdn/shop/products/three-eyed-kaali_2700x.jpg?v=1664400162 2700w, //gallerist.in/cdn/shop/products/three-eyed-kaali_3000x.jpg?v=1664400162 3000w, //gallerist.in/cdn/shop/products/three-eyed-kaali_3350x.jpg?v=1664400162 3350w, //gallerist.in/cdn/shop/products/three-eyed-kaali_3750x.jpg?v=1664400162 3750w, //gallerist.in/cdn/shop/products/three-eyed-kaali_4100x.jpg?v=1664400162 4100w"
  },
  {
    "id": 23,
    "title": "BEDHUND",
    "description": "Bedhund - figurative painting charcoal on paper A charcoal painting of indian woman. Background shows she surrounded by many unstable things. her yoga pose describe a stability. this painting describe a life of a woman.",
    "price": 14700,
    "rating": 4.85,
    "stock": 26,
    "category": "modern drawings",
    "thumbnail": "//gallerist.in/cdn/shop/products/NVvJqXZZ2a_180x.jpg?v=1677937658 180w, //gallerist.in/cdn/shop/products/NVvJqXZZ2a_360x.jpg?v=1677937658 360w, //gallerist.in/cdn/shop/products/NVvJqXZZ2a_540x.jpg?v=1677937658 540w, //gallerist.in/cdn/shop/products/NVvJqXZZ2a_720x.jpg?v=1677937658 720w, //gallerist.in/cdn/shop/products/NVvJqXZZ2a_900x.jpg?v=1677937658 900w, //gallerist.in/cdn/shop/products/NVvJqXZZ2a_1080x.jpg?v=1677937658 1080w, //gallerist.in/cdn/shop/products/NVvJqXZZ2a_1296x.jpg?v=1677937658 1296w, //gallerist.in/cdn/shop/products/NVvJqXZZ2a_1512x.jpg?v=1677937658 1512w, //gallerist.in/cdn/shop/products/NVvJqXZZ2a_1728x.jpg?v=1677937658 1728w, //gallerist.in/cdn/shop/products/NVvJqXZZ2a_1950x.jpg?v=1677937658 1950w, //gallerist.in/cdn/shop/products/NVvJqXZZ2a_2100x.jpg?v=1677937658 2100w, //gallerist.in/cdn/shop/products/NVvJqXZZ2a_2260x.jpg?v=1677937658 2260w, //gallerist.in/cdn/shop/products/NVvJqXZZ2a_2450x.jpg?v=1677937658 2450w, //gallerist.in/cdn/shop/products/NVvJqXZZ2a_2700x.jpg?v=1677937658 2700w, //gallerist.in/cdn/shop/products/NVvJqXZZ2a_3000x.jpg?v=1677937658 3000w, //gallerist.in/cdn/shop/products/NVvJqXZZ2a_3350x.jpg?v=1677937658 3350w, //gallerist.in/cdn/shop/products/NVvJqXZZ2a_3750x.jpg?v=1677937658 3750w, //gallerist.in/cdn/shop/products/NVvJqXZZ2a_4100x.jpg?v=1677937658 4100w"
  },
  {
    "id": 24,
    "title": "Musical Modern Art Painting",
    "description": "This hand-painted piece of art is created with great zeal and perfection. We believe in quality all artworks at artoholic are created by renowed artists with their expertise, We use high quality imported canvas and colors. Life of our artworks are more than 50+ years. Totally hand-painted by us with new techniques and formations.",
    "price": 4600,
    "rating": 4.94,
    "stock": 113,
    "category": "modern drawings",
    "thumbnail": "//gallerist.in/cdn/shop/products/oBW4ACsqVP_180x.jpg?v=1683566523 180w, //gallerist.in/cdn/shop/products/oBW4ACsqVP_360x.jpg?v=1683566523 360w, //gallerist.in/cdn/shop/products/oBW4ACsqVP_540x.jpg?v=1683566523 540w, //gallerist.in/cdn/shop/products/oBW4ACsqVP_720x.jpg?v=1683566523 720w, //gallerist.in/cdn/shop/products/oBW4ACsqVP_900x.jpg?v=1683566523 900w, //gallerist.in/cdn/shop/products/oBW4ACsqVP_1080x.jpg?v=1683566523 1080w, //gallerist.in/cdn/shop/products/oBW4ACsqVP_1296x.jpg?v=1683566523 1296w, //gallerist.in/cdn/shop/products/oBW4ACsqVP_1512x.jpg?v=1683566523 1512w, //gallerist.in/cdn/shop/products/oBW4ACsqVP_1728x.jpg?v=1683566523 1728w, //gallerist.in/cdn/shop/products/oBW4ACsqVP_1950x.jpg?v=1683566523 1950w, //gallerist.in/cdn/shop/products/oBW4ACsqVP_2100x.jpg?v=1683566523 2100w, //gallerist.in/cdn/shop/products/oBW4ACsqVP_2260x.jpg?v=1683566523 2260w, //gallerist.in/cdn/shop/products/oBW4ACsqVP_2450x.jpg?v=1683566523 2450w, //gallerist.in/cdn/shop/products/oBW4ACsqVP_2700x.jpg?v=1683566523 2700w, //gallerist.in/cdn/shop/products/oBW4ACsqVP_3000x.jpg?v=1683566523 3000w, //gallerist.in/cdn/shop/products/oBW4ACsqVP_3350x.jpg?v=1683566523 3350w, //gallerist.in/cdn/shop/products/oBW4ACsqVP_3750x.jpg?v=1683566523 3750w, //gallerist.in/cdn/shop/products/oBW4ACsqVP_4100x.jpg?v=1683566523 4100w"
  },
  {
    "id": 25,
    "title": "Bloom",
    "description": "Beautiful peonies with a background of rich teal and gold colors on a round canvas",
    "price": 6499,
    "rating": 4.87,
    "stock": 47,
    "category": "modern drawings",
    "thumbnail": "//gallerist.in/cdn/shop/products/gPprQqHutq_180x.jpg?v=1669370790 180w, //gallerist.in/cdn/shop/products/gPprQqHutq_360x.jpg?v=1669370790 360w, //gallerist.in/cdn/shop/products/gPprQqHutq_540x.jpg?v=1669370790 540w, //gallerist.in/cdn/shop/products/gPprQqHutq_720x.jpg?v=1669370790 720w, //gallerist.in/cdn/shop/products/gPprQqHutq_900x.jpg?v=1669370790 900w, //gallerist.in/cdn/shop/products/gPprQqHutq_1080x.jpg?v=1669370790 1080w, //gallerist.in/cdn/shop/products/gPprQqHutq_1296x.jpg?v=1669370790 1296w, //gallerist.in/cdn/shop/products/gPprQqHutq_1512x.jpg?v=1669370790 1512w, //gallerist.in/cdn/shop/products/gPprQqHutq_1728x.jpg?v=1669370790 1728w, //gallerist.in/cdn/shop/products/gPprQqHutq_1950x.jpg?v=1669370790 1950w, //gallerist.in/cdn/shop/products/gPprQqHutq_2100x.jpg?v=1669370790 2100w, //gallerist.in/cdn/shop/products/gPprQqHutq_2260x.jpg?v=1669370790 2260w, //gallerist.in/cdn/shop/products/gPprQqHutq_2450x.jpg?v=1669370790 2450w, //gallerist.in/cdn/shop/products/gPprQqHutq_2700x.jpg?v=1669370790 2700w, //gallerist.in/cdn/shop/products/gPprQqHutq_3000x.jpg?v=1669370790 3000w, //gallerist.in/cdn/shop/products/gPprQqHutq_3350x.jpg?v=1669370790 3350w, //gallerist.in/cdn/shop/products/gPprQqHutq_3750x.jpg?v=1669370790 3750w, //gallerist.in/cdn/shop/products/gPprQqHutq_4100x.jpg?v=1669370790 4100w"
  },
  {
    "id": 26,
    "title": "VILLAGE",
    "description": "Visit my Instagram account soylisahart for more details",
    "price": 1000,
    "rating": 4.08,
    "stock": 131,
    "category": "modern drawings",
    "thumbnail": "//gallerist.in/cdn/shop/products/5vZp5y9w1L_180x.jpg?v=1669349371 180w, //gallerist.in/cdn/shop/products/5vZp5y9w1L_360x.jpg?v=1669349371 360w, //gallerist.in/cdn/shop/products/5vZp5y9w1L_540x.jpg?v=1669349371 540w, //gallerist.in/cdn/shop/products/5vZp5y9w1L_720x.jpg?v=1669349371 720w, //gallerist.in/cdn/shop/products/5vZp5y9w1L_900x.jpg?v=1669349371 900w, //gallerist.in/cdn/shop/products/5vZp5y9w1L_1080x.jpg?v=1669349371 1080w, //gallerist.in/cdn/shop/products/5vZp5y9w1L_1296x.jpg?v=1669349371 1296w, //gallerist.in/cdn/shop/products/5vZp5y9w1L_1512x.jpg?v=1669349371 1512w, //gallerist.in/cdn/shop/products/5vZp5y9w1L_1728x.jpg?v=1669349371 1728w, //gallerist.in/cdn/shop/products/5vZp5y9w1L_1950x.jpg?v=1669349371 1950w, //gallerist.in/cdn/shop/products/5vZp5y9w1L_2100x.jpg?v=1669349371 2100w, //gallerist.in/cdn/shop/products/5vZp5y9w1L_2260x.jpg?v=1669349371 2260w, //gallerist.in/cdn/shop/products/5vZp5y9w1L_2450x.jpg?v=1669349371 2450w, //gallerist.in/cdn/shop/products/5vZp5y9w1L_2700x.jpg?v=1669349371 2700w, //gallerist.in/cdn/shop/products/5vZp5y9w1L_3000x.jpg?v=1669349371 3000w, //gallerist.in/cdn/shop/products/5vZp5y9w1L_3350x.jpg?v=1669349371 3350w, //gallerist.in/cdn/shop/products/5vZp5y9w1L_3750x.jpg?v=1669349371 3750w, //gallerist.in/cdn/shop/products/5vZp5y9w1L_4100x.jpg?v=1669349371 4100w"
  },
  {
    "id": 27,
    "title": "MODERN ART FIGURES",
    "description": "This hand-painted piece of art is created with great zeal and perfection. We believe in quality all artworks at artoholic are created by renowed artists with their expertise, We use high quality imported canvas and colors. Life of our artworks are more than 50+ years. Totally hand-painted by us with new techniques and formations.",
    "price": 5100,
    "rating": 4.41,
    "stock": 17,
    "category": "modern drawings",
    "thumbnail": "//gallerist.in/cdn/shop/products/Rj0lkvml9O_180x.jpg?v=1684003315 180w, //gallerist.in/cdn/shop/products/Rj0lkvml9O_360x.jpg?v=1684003315 360w, //gallerist.in/cdn/shop/products/Rj0lkvml9O_540x.jpg?v=1684003315 540w, //gallerist.in/cdn/shop/products/Rj0lkvml9O_720x.jpg?v=1684003315 720w, //gallerist.in/cdn/shop/products/Rj0lkvml9O_900x.jpg?v=1684003315 900w, //gallerist.in/cdn/shop/products/Rj0lkvml9O_1080x.jpg?v=1684003315 1080w, //gallerist.in/cdn/shop/products/Rj0lkvml9O_1296x.jpg?v=1684003315 1296w, //gallerist.in/cdn/shop/products/Rj0lkvml9O_1512x.jpg?v=1684003315 1512w, //gallerist.in/cdn/shop/products/Rj0lkvml9O_1728x.jpg?v=1684003315 1728w, //gallerist.in/cdn/shop/products/Rj0lkvml9O_1950x.jpg?v=1684003315 1950w, //gallerist.in/cdn/shop/products/Rj0lkvml9O_2100x.jpg?v=1684003315 2100w, //gallerist.in/cdn/shop/products/Rj0lkvml9O_2260x.jpg?v=1684003315 2260w, //gallerist.in/cdn/shop/products/Rj0lkvml9O_2450x.jpg?v=1684003315 2450w, //gallerist.in/cdn/shop/products/Rj0lkvml9O_2700x.jpg?v=1684003315 2700w, //gallerist.in/cdn/shop/products/Rj0lkvml9O_3000x.jpg?v=1684003315 3000w, //gallerist.in/cdn/shop/products/Rj0lkvml9O_3350x.jpg?v=1684003315 3350w, //gallerist.in/cdn/shop/products/Rj0lkvml9O_3750x.jpg?v=1684003315 3750w, //gallerist.in/cdn/shop/products/Rj0lkvml9O_4100x.jpg?v=1684003315 4100w"
  },
  {
    "id": 28,
    "title": "NATURE PAINTING",
    "description": "A tree landscape scenery painting watercolor on paper.",
    "price": 24000,
    "rating": 4.82,
    "stock": 54,
    "category": "modern drawings",
    "thumbnail": "//gallerist.in/cdn/shop/products/ufucZxMgTH_180x.jpg?v=1668274110 180w, //gallerist.in/cdn/shop/products/ufucZxMgTH_360x.jpg?v=1668274110 360w, //gallerist.in/cdn/shop/products/ufucZxMgTH_540x.jpg?v=1668274110 540w, //gallerist.in/cdn/shop/products/ufucZxMgTH_720x.jpg?v=1668274110 720w, //gallerist.in/cdn/shop/products/ufucZxMgTH_900x.jpg?v=1668274110 900w, //gallerist.in/cdn/shop/products/ufucZxMgTH_1080x.jpg?v=1668274110 1080w, //gallerist.in/cdn/shop/products/ufucZxMgTH_1296x.jpg?v=1668274110 1296w, //gallerist.in/cdn/shop/products/ufucZxMgTH_1512x.jpg?v=1668274110 1512w, //gallerist.in/cdn/shop/products/ufucZxMgTH_1728x.jpg?v=1668274110 1728w, //gallerist.in/cdn/shop/products/ufucZxMgTH_1950x.jpg?v=1668274110 1950w, //gallerist.in/cdn/shop/products/ufucZxMgTH_2100x.jpg?v=1668274110 2100w, //gallerist.in/cdn/shop/products/ufucZxMgTH_2260x.jpg?v=1668274110 2260w, //gallerist.in/cdn/shop/products/ufucZxMgTH_2450x.jpg?v=1668274110 2450w, //gallerist.in/cdn/shop/products/ufucZxMgTH_2700x.jpg?v=1668274110 2700w, //gallerist.in/cdn/shop/products/ufucZxMgTH_3000x.jpg?v=1668274110 3000w, //gallerist.in/cdn/shop/products/ufucZxMgTH_3350x.jpg?v=1668274110 3350w, //gallerist.in/cdn/shop/products/ufucZxMgTH_3750x.jpg?v=1668274110 3750w, //gallerist.in/cdn/shop/products/ufucZxMgTH_4100x.jpg?v=1668274110 4100w"
  },
  {
    "id": 29,
    "title": "Busy Sealdah Station Painting",
    "description": "Busy sealdah station painting watercolor painting on paper.",
    "price": 6850,
    "rating": 4.44,
    "stock": 7,
    "category": "modern drawings",
    "thumbnail": "//gallerist.in/cdn/shop/products/YHRnFVG9Q7_180x.jpg?v=1667124485 180w, //gallerist.in/cdn/shop/products/YHRnFVG9Q7_360x.jpg?v=1667124485 360w, //gallerist.in/cdn/shop/products/YHRnFVG9Q7_540x.jpg?v=1667124485 540w, //gallerist.in/cdn/shop/products/YHRnFVG9Q7_720x.jpg?v=1667124485 720w, //gallerist.in/cdn/shop/products/YHRnFVG9Q7_900x.jpg?v=1667124485 900w, //gallerist.in/cdn/shop/products/YHRnFVG9Q7_1080x.jpg?v=1667124485 1080w, //gallerist.in/cdn/shop/products/YHRnFVG9Q7_1296x.jpg?v=1667124485 1296w, //gallerist.in/cdn/shop/products/YHRnFVG9Q7_1512x.jpg?v=1667124485 1512w, //gallerist.in/cdn/shop/products/YHRnFVG9Q7_1728x.jpg?v=1667124485 1728w, //gallerist.in/cdn/shop/products/YHRnFVG9Q7_1950x.jpg?v=1667124485 1950w, //gallerist.in/cdn/shop/products/YHRnFVG9Q7_2100x.jpg?v=1667124485 2100w, //gallerist.in/cdn/shop/products/YHRnFVG9Q7_2260x.jpg?v=1667124485 2260w, //gallerist.in/cdn/shop/products/YHRnFVG9Q7_2450x.jpg?v=1667124485 2450w, //gallerist.in/cdn/shop/products/YHRnFVG9Q7_2700x.jpg?v=1667124485 2700w, //gallerist.in/cdn/shop/products/YHRnFVG9Q7_3000x.jpg?v=1667124485 3000w, //gallerist.in/cdn/shop/products/YHRnFVG9Q7_3350x.jpg?v=1667124485 3350w, //gallerist.in/cdn/shop/products/YHRnFVG9Q7_3750x.jpg?v=1667124485 3750w, //gallerist.in/cdn/shop/products/YHRnFVG9Q7_4100x.jpg?v=1667124485 4100w"
  },
  {
    "id": 30,
    "title": "Three Mates",
    "description": "This artwork recall us our childhood memory; similarly an artist painted friendship of these three guys.",
    "price": 30000,
    "rating": 4.92,
    "stock": 54,
    "category": "modern drawings",
    "thumbnail": "//gallerist.in/cdn/shop/products/BGMmWkmUoL_180x.jpg?v=1683901556 180w, //gallerist.in/cdn/shop/products/BGMmWkmUoL_360x.jpg?v=1683901556 360w, //gallerist.in/cdn/shop/products/BGMmWkmUoL_540x.jpg?v=1683901556 540w, //gallerist.in/cdn/shop/products/BGMmWkmUoL_720x.jpg?v=1683901556 720w, //gallerist.in/cdn/shop/products/BGMmWkmUoL_900x.jpg?v=1683901556 900w, //gallerist.in/cdn/shop/products/BGMmWkmUoL_1080x.jpg?v=1683901556 1080w, //gallerist.in/cdn/shop/products/BGMmWkmUoL_1296x.jpg?v=1683901556 1296w, //gallerist.in/cdn/shop/products/BGMmWkmUoL_1512x.jpg?v=1683901556 1512w, //gallerist.in/cdn/shop/products/BGMmWkmUoL_1728x.jpg?v=1683901556 1728w, //gallerist.in/cdn/shop/products/BGMmWkmUoL_1950x.jpg?v=1683901556 1950w, //gallerist.in/cdn/shop/products/BGMmWkmUoL_2100x.jpg?v=1683901556 2100w, //gallerist.in/cdn/shop/products/BGMmWkmUoL_2260x.jpg?v=1683901556 2260w, //gallerist.in/cdn/shop/products/BGMmWkmUoL_2450x.jpg?v=1683901556 2450w, //gallerist.in/cdn/shop/products/BGMmWkmUoL_2700x.jpg?v=1683901556 2700w, //gallerist.in/cdn/shop/products/BGMmWkmUoL_3000x.jpg?v=1683901556 3000w, //gallerist.in/cdn/shop/products/BGMmWkmUoL_3350x.jpg?v=1683901556 3350w, //gallerist.in/cdn/shop/products/BGMmWkmUoL_3750x.jpg?v=1683901556 3750w, //gallerist.in/cdn/shop/products/BGMmWkmUoL_4100x.jpg?v=1683901556 4100w"
  },
  {
    "id": 31,
    "title": "Banaras Ghat",
    "description": "Banaras ghat painting watercolor painting on paper by Krishna Mondal.",
    "price": 25000,
    "rating": 4.92,
    "stock": 54,
    "category": "cityscape paintings",
    "thumbnail": "//gallerist.in/cdn/shop/products/vBadqF8irK_180x.jpg?v=1669305125 180w, //gallerist.in/cdn/shop/products/vBadqF8irK_360x.jpg?v=1669305125 360w, //gallerist.in/cdn/shop/products/vBadqF8irK_540x.jpg?v=1669305125 540w, //gallerist.in/cdn/shop/products/vBadqF8irK_720x.jpg?v=1669305125 720w, //gallerist.in/cdn/shop/products/vBadqF8irK_900x.jpg?v=1669305125 900w, //gallerist.in/cdn/shop/products/vBadqF8irK_1080x.jpg?v=1669305125 1080w, //gallerist.in/cdn/shop/products/vBadqF8irK_1296x.jpg?v=1669305125 1296w, //gallerist.in/cdn/shop/products/vBadqF8irK_1512x.jpg?v=1669305125 1512w, //gallerist.in/cdn/shop/products/vBadqF8irK_1728x.jpg?v=1669305125 1728w, //gallerist.in/cdn/shop/products/vBadqF8irK_1950x.jpg?v=1669305125 1950w, //gallerist.in/cdn/shop/products/vBadqF8irK_2100x.jpg?v=1669305125 2100w, //gallerist.in/cdn/shop/products/vBadqF8irK_2260x.jpg?v=1669305125 2260w, //gallerist.in/cdn/shop/products/vBadqF8irK_2450x.jpg?v=1669305125 2450w, //gallerist.in/cdn/shop/products/vBadqF8irK_2700x.jpg?v=1669305125 2700w, //gallerist.in/cdn/shop/products/vBadqF8irK_3000x.jpg?v=1669305125 3000w, //gallerist.in/cdn/shop/products/vBadqF8irK_3350x.jpg?v=1669305125 3350w, //gallerist.in/cdn/shop/products/vBadqF8irK_3750x.jpg?v=1669305125 3750w, //gallerist.in/cdn/shop/products/vBadqF8irK_4100x.jpg?v=1669305125 4100w"
  },
  {
    "id": 32,
    "title": "Banaras Ghat Painting",
    "description": "Banaras ghat painting watercolor painting on paper by Krishna Mondal.",
    "price": 7000,
    "rating": 4.92,
    "stock": 54,
    "category": "cityscape paintings",
    "thumbnail": "//gallerist.in/cdn/shop/products/93VM6nnZKP_180x.jpg?v=1679559348 180w, //gallerist.in/cdn/shop/products/93VM6nnZKP_360x.jpg?v=1679559348 360w, //gallerist.in/cdn/shop/products/93VM6nnZKP_540x.jpg?v=1679559348 540w, //gallerist.in/cdn/shop/products/93VM6nnZKP_720x.jpg?v=1679559348 720w, //gallerist.in/cdn/shop/products/93VM6nnZKP_900x.jpg?v=1679559348 900w, //gallerist.in/cdn/shop/products/93VM6nnZKP_1080x.jpg?v=1679559348 1080w, //gallerist.in/cdn/shop/products/93VM6nnZKP_1296x.jpg?v=1679559348 1296w, //gallerist.in/cdn/shop/products/93VM6nnZKP_1512x.jpg?v=1679559348 1512w, //gallerist.in/cdn/shop/products/93VM6nnZKP_1728x.jpg?v=1679559348 1728w, //gallerist.in/cdn/shop/products/93VM6nnZKP_1950x.jpg?v=1679559348 1950w, //gallerist.in/cdn/shop/products/93VM6nnZKP_2100x.jpg?v=1679559348 2100w, //gallerist.in/cdn/shop/products/93VM6nnZKP_2260x.jpg?v=1679559348 2260w, //gallerist.in/cdn/shop/products/93VM6nnZKP_2450x.jpg?v=1679559348 2450w, //gallerist.in/cdn/shop/products/93VM6nnZKP_2700x.jpg?v=1679559348 2700w, //gallerist.in/cdn/shop/products/93VM6nnZKP_3000x.jpg?v=1679559348 3000w, //gallerist.in/cdn/shop/products/93VM6nnZKP_3350x.jpg?v=1679559348 3350w, //gallerist.in/cdn/shop/products/93VM6nnZKP_3750x.jpg?v=1679559348 3750w, //gallerist.in/cdn/shop/products/93VM6nnZKP_4100x.jpg?v=1679559348 4100w"
  },
  {
    "id": 33,
    "title": "Architecture Kolkata",
    "description": "Visit my Instagram account soylisahart for more details",
    "price": 1200,
    "rating": 4.92,
    "stock": 54,
    "category": "cityscape paintings",
    "thumbnail": "//gallerist.in/cdn/shop/products/7bXiRH0boO_180x.jpg?v=1674878307 180w, //gallerist.in/cdn/shop/products/7bXiRH0boO_360x.jpg?v=1674878307 360w, //gallerist.in/cdn/shop/products/7bXiRH0boO_540x.jpg?v=1674878307 540w, //gallerist.in/cdn/shop/products/7bXiRH0boO_720x.jpg?v=1674878307 720w, //gallerist.in/cdn/shop/products/7bXiRH0boO_900x.jpg?v=1674878307 900w, //gallerist.in/cdn/shop/products/7bXiRH0boO_1080x.jpg?v=1674878307 1080w, //gallerist.in/cdn/shop/products/7bXiRH0boO_1296x.jpg?v=1674878307 1296w, //gallerist.in/cdn/shop/products/7bXiRH0boO_1512x.jpg?v=1674878307 1512w, //gallerist.in/cdn/shop/products/7bXiRH0boO_1728x.jpg?v=1674878307 1728w, //gallerist.in/cdn/shop/products/7bXiRH0boO_1950x.jpg?v=1674878307 1950w, //gallerist.in/cdn/shop/products/7bXiRH0boO_2100x.jpg?v=1674878307 2100w, //gallerist.in/cdn/shop/products/7bXiRH0boO_2260x.jpg?v=1674878307 2260w, //gallerist.in/cdn/shop/products/7bXiRH0boO_2450x.jpg?v=1674878307 2450w, //gallerist.in/cdn/shop/products/7bXiRH0boO_2700x.jpg?v=1674878307 2700w, //gallerist.in/cdn/shop/products/7bXiRH0boO_3000x.jpg?v=1674878307 3000w, //gallerist.in/cdn/shop/products/7bXiRH0boO_3350x.jpg?v=1674878307 3350w, //gallerist.in/cdn/shop/products/7bXiRH0boO_3750x.jpg?v=1674878307 3750w, //gallerist.in/cdn/shop/products/7bXiRH0boO_4100x.jpg?v=1674878307 4100w"
  },
  {
    "id": 34,
    "title": "Village",
    "description": "Visit my Instagram account soylisahart for more details",
    "price": 1700,
    "rating": 4.92,
    "stock": 54,
    "category": "cityscape paintings",
    "thumbnail": "//gallerist.in/cdn/shop/products/5vZp5y9w1L_180x.jpg?v=1669349371 180w, //gallerist.in/cdn/shop/products/5vZp5y9w1L_360x.jpg?v=1669349371 360w, //gallerist.in/cdn/shop/products/5vZp5y9w1L_540x.jpg?v=1669349371 540w, //gallerist.in/cdn/shop/products/5vZp5y9w1L_720x.jpg?v=1669349371 720w, //gallerist.in/cdn/shop/products/5vZp5y9w1L_900x.jpg?v=1669349371 900w, //gallerist.in/cdn/shop/products/5vZp5y9w1L_1080x.jpg?v=1669349371 1080w, //gallerist.in/cdn/shop/products/5vZp5y9w1L_1296x.jpg?v=1669349371 1296w, //gallerist.in/cdn/shop/products/5vZp5y9w1L_1512x.jpg?v=1669349371 1512w, //gallerist.in/cdn/shop/products/5vZp5y9w1L_1728x.jpg?v=1669349371 1728w, //gallerist.in/cdn/shop/products/5vZp5y9w1L_1950x.jpg?v=1669349371 1950w, //gallerist.in/cdn/shop/products/5vZp5y9w1L_2100x.jpg?v=1669349371 2100w, //gallerist.in/cdn/shop/products/5vZp5y9w1L_2260x.jpg?v=1669349371 2260w, //gallerist.in/cdn/shop/products/5vZp5y9w1L_2450x.jpg?v=1669349371 2450w, //gallerist.in/cdn/shop/products/5vZp5y9w1L_2700x.jpg?v=1669349371 2700w, //gallerist.in/cdn/shop/products/5vZp5y9w1L_3000x.jpg?v=1669349371 3000w, //gallerist.in/cdn/shop/products/5vZp5y9w1L_3350x.jpg?v=1669349371 3350w, //gallerist.in/cdn/shop/products/5vZp5y9w1L_3750x.jpg?v=1669349371 3750w, //gallerist.in/cdn/shop/products/5vZp5y9w1L_4100x.jpg?v=1669349371 4100w"
  },
  {
    "id": 35,
    "title": "The Train",
    "description": "Visit my Instagram account soylisahart for more details",
    "price": 1900,
    "rating": 4.92,
    "stock": 54,
    "category": "cityscape paintings",
    "thumbnail": "//gallerist.in/cdn/shop/products/8BKxCbN7uM_180x.jpg?v=1669346076 180w, //gallerist.in/cdn/shop/products/8BKxCbN7uM_360x.jpg?v=1669346076 360w, //gallerist.in/cdn/shop/products/8BKxCbN7uM_540x.jpg?v=1669346076 540w, //gallerist.in/cdn/shop/products/8BKxCbN7uM_720x.jpg?v=1669346076 720w, //gallerist.in/cdn/shop/products/8BKxCbN7uM_900x.jpg?v=1669346076 900w, //gallerist.in/cdn/shop/products/8BKxCbN7uM_1080x.jpg?v=1669346076 1080w, //gallerist.in/cdn/shop/products/8BKxCbN7uM_1296x.jpg?v=1669346076 1296w, //gallerist.in/cdn/shop/products/8BKxCbN7uM_1512x.jpg?v=1669346076 1512w, //gallerist.in/cdn/shop/products/8BKxCbN7uM_1728x.jpg?v=1669346076 1728w, //gallerist.in/cdn/shop/products/8BKxCbN7uM_1950x.jpg?v=1669346076 1950w, //gallerist.in/cdn/shop/products/8BKxCbN7uM_2100x.jpg?v=1669346076 2100w, //gallerist.in/cdn/shop/products/8BKxCbN7uM_2260x.jpg?v=1669346076 2260w, //gallerist.in/cdn/shop/products/8BKxCbN7uM_2450x.jpg?v=1669346076 2450w, //gallerist.in/cdn/shop/products/8BKxCbN7uM_2700x.jpg?v=1669346076 2700w, //gallerist.in/cdn/shop/products/8BKxCbN7uM_3000x.jpg?v=1669346076 3000w, //gallerist.in/cdn/shop/products/8BKxCbN7uM_3350x.jpg?v=1669346076 3350w, //gallerist.in/cdn/shop/products/8BKxCbN7uM_3750x.jpg?v=1669346076 3750w, //gallerist.in/cdn/shop/products/8BKxCbN7uM_4100x.jpg?v=1669346076 4100w"
  },
  {
    "id": 36,
    "title": "The Art Of Jonathan Wolstenholme",
    "description": "Visit my Instagram account soylisahart for more details",
    "price": 1200,
    "rating": 4.92,
    "stock": 54,
    "category": "cityscape paintings",
    "thumbnail": "//gallerist.in/cdn/shop/products/gUPXrBAzBV_180x.jpg?v=1684054676 180w, //gallerist.in/cdn/shop/products/gUPXrBAzBV_360x.jpg?v=1684054676 360w, //gallerist.in/cdn/shop/products/gUPXrBAzBV_540x.jpg?v=1684054676 540w, //gallerist.in/cdn/shop/products/gUPXrBAzBV_720x.jpg?v=1684054676 720w, //gallerist.in/cdn/shop/products/gUPXrBAzBV_900x.jpg?v=1684054676 900w, //gallerist.in/cdn/shop/products/gUPXrBAzBV_1080x.jpg?v=1684054676 1080w, //gallerist.in/cdn/shop/products/gUPXrBAzBV_1296x.jpg?v=1684054676 1296w, //gallerist.in/cdn/shop/products/gUPXrBAzBV_1512x.jpg?v=1684054676 1512w, //gallerist.in/cdn/shop/products/gUPXrBAzBV_1728x.jpg?v=1684054676 1728w, //gallerist.in/cdn/shop/products/gUPXrBAzBV_1950x.jpg?v=1684054676 1950w, //gallerist.in/cdn/shop/products/gUPXrBAzBV_2100x.jpg?v=1684054676 2100w, //gallerist.in/cdn/shop/products/gUPXrBAzBV_2260x.jpg?v=1684054676 2260w, //gallerist.in/cdn/shop/products/gUPXrBAzBV_2450x.jpg?v=1684054676 2450w, //gallerist.in/cdn/shop/products/gUPXrBAzBV_2700x.jpg?v=1684054676 2700w, //gallerist.in/cdn/shop/products/gUPXrBAzBV_3000x.jpg?v=1684054676 3000w, //gallerist.in/cdn/shop/products/gUPXrBAzBV_3350x.jpg?v=1684054676 3350w, //gallerist.in/cdn/shop/products/gUPXrBAzBV_3750x.jpg?v=1684054676 3750w, //gallerist.in/cdn/shop/products/gUPXrBAzBV_4100x.jpg?v=1684054676 4100w"
  },
  {
    "id": 37,
    "title": "UNTITLED",
    "description": "Tribal entertainment on specious occasions",
    "price": 1249,
    "rating": 4.09,
    "stock": 36,
    "category": "landscape paintings",
    "thumbnail": "https://images.unsplash.com/photo-1605721911519-3dfeb3be25e7?ixlib=rb-4.0.3&ixid=MnwxMjA3fDB8MHxwaG90by1wYWdlfHx8fGVufDB8fHx8&auto=format&fit=crop&w=435&q=80"
  },
  {
    "id": 38,
    "title": "Modern Art",
    "description": "Painting shows importance of water in life it's not only responsibility of women but man also to help the women",
    "price": 2875,
    "rating": 4.3,
    "stock": 123,
    "category": "landscape paintings",
    "thumbnail": "//gallerist.in/cdn/shop/products/modern-art-54_180x.jpg?v=1664460260 180w, //gallerist.in/cdn/shop/products/modern-art-54_360x.jpg?v=1664460260 360w, //gallerist.in/cdn/shop/products/modern-art-54_540x.jpg?v=1664460260 540w, //gallerist.in/cdn/shop/products/modern-art-54_720x.jpg?v=1664460260 720w, //gallerist.in/cdn/shop/products/modern-art-54_900x.jpg?v=1664460260 900w, //gallerist.in/cdn/shop/products/modern-art-54_1080x.jpg?v=1664460260 1080w, //gallerist.in/cdn/shop/products/modern-art-54_1296x.jpg?v=1664460260 1296w, //gallerist.in/cdn/shop/products/modern-art-54_1512x.jpg?v=1664460260 1512w, //gallerist.in/cdn/shop/products/modern-art-54_1728x.jpg?v=1664460260 1728w, //gallerist.in/cdn/shop/products/modern-art-54_1950x.jpg?v=1664460260 1950w, //gallerist.in/cdn/shop/products/modern-art-54_2100x.jpg?v=1664460260 2100w, //gallerist.in/cdn/shop/products/modern-art-54_2260x.jpg?v=1664460260 2260w, //gallerist.in/cdn/shop/products/modern-art-54_2450x.jpg?v=1664460260 2450w, //gallerist.in/cdn/shop/products/modern-art-54_2700x.jpg?v=1664460260 2700w, //gallerist.in/cdn/shop/products/modern-art-54_3000x.jpg?v=1664460260 3000w, //gallerist.in/cdn/shop/products/modern-art-54_3350x.jpg?v=1664460260 3350w, //gallerist.in/cdn/shop/products/modern-art-54_3750x.jpg?v=1664460260 3750w, //gallerist.in/cdn/shop/products/modern-art-54_4100x.jpg?v=1664460260 4100w"
  },
  {
    "id": 39,
    "title": "THE COSMIC HAPPINESS_II",
    "description": "The Witness- An expression of witnessing the Universe's chaos & turmoil and emergence of Cosmic energies out of it.",
    "price": 22500,
    "rating": 4.09,
    "stock": 32,
    "category": "landscape paintings",
    "thumbnail": "https://images.unsplash.com/photo-1618331835717-801e976710b2?ixlib=rb-4.0.3&ixid=MnwxMjA3fDB8MHxzZWFyY2h8NXx8cGFpbnRpbmdzfGVufDB8fDB8fA%3D%3D&auto=format&fit=crop&w=500&q=60"
  },
  {
    "id": 40,
    "title": "THE PLEASURE ZONE",
    "description": "An abstract representation depicting The Pleasure Zone",
    "price": 1749,
    "rating": 4.57,
    "stock": 83,
    "category": "landscape paintings",
    "thumbnail": "https://images.unsplash.com/photo-1549289524-06cf8837ace5?ixlib=rb-4.0.3&ixid=MnwxMjA3fDB8MHxzZWFyY2h8OHx8cGFpbnRpbmdzfGVufDB8fDB8fA%3D%3D&auto=format&fit=crop&w=500&q=60"
  },
  {
    "id": 41,
    "title": "Abstract Wall",
    "description": "Abstract wall done with tissue paper",
    "price": 1499,
    "rating": 4.25,
    "stock": 50,
    "category": "landscape paintings",
    "thumbnail": "https://images.unsplash.com/photo-1556005693-00fff02f134c?ixlib=rb-4.0.3&ixid=MnwxMjA3fDB8MHxzZWFyY2h8MTF8fHBhaW50aW5nc3xlbnwwfHwwfHw%3D&auto=format&fit=crop&w=500&q=60"
  },
  {
    "id": 42,
    "title": "Gajraj",
    "description": "width-30 inch/length-33 inch/mixed media on paper/framed artwork(glass frame)/handle with care",
    "price": 5000,
    "rating": 4.92,
    "stock": 54,
    "category": "sketch",
    "thumbnail": "//gallerist.in/cdn/shop/products/AJhCPQF59p_180x.jpg?v=1669697997 180w, //gallerist.in/cdn/shop/products/AJhCPQF59p_360x.jpg?v=1669697997 360w, //gallerist.in/cdn/shop/products/AJhCPQF59p_540x.jpg?v=1669697997 540w, //gallerist.in/cdn/shop/products/AJhCPQF59p_720x.jpg?v=1669697997 720w, //gallerist.in/cdn/shop/products/AJhCPQF59p_900x.jpg?v=1669697997 900w, //gallerist.in/cdn/shop/products/AJhCPQF59p_1080x.jpg?v=1669697997 1080w, //gallerist.in/cdn/shop/products/AJhCPQF59p_1296x.jpg?v=1669697997 1296w, //gallerist.in/cdn/shop/products/AJhCPQF59p_1512x.jpg?v=1669697997 1512w, //gallerist.in/cdn/shop/products/AJhCPQF59p_1728x.jpg?v=1669697997 1728w, //gallerist.in/cdn/shop/products/AJhCPQF59p_1950x.jpg?v=1669697997 1950w, //gallerist.in/cdn/shop/products/AJhCPQF59p_2100x.jpg?v=1669697997 2100w, //gallerist.in/cdn/shop/products/AJhCPQF59p_2260x.jpg?v=1669697997 2260w, //gallerist.in/cdn/shop/products/AJhCPQF59p_2450x.jpg?v=1669697997 2450w, //gallerist.in/cdn/shop/products/AJhCPQF59p_2700x.jpg?v=1669697997 2700w, //gallerist.in/cdn/shop/products/AJhCPQF59p_3000x.jpg?v=1669697997 3000w, //gallerist.in/cdn/shop/products/AJhCPQF59p_3350x.jpg?v=1669697997 3350w, //gallerist.in/cdn/shop/products/AJhCPQF59p_3750x.jpg?v=1669697997 3750w, //gallerist.in/cdn/shop/products/AJhCPQF59p_4100x.jpg?v=1669697997 4100w"
  },
  {
    "id": 43,
    "title": "Untitled",
    "description": "Visit my Instagram account soylisahart for more details",
    "price": 22000,
    "rating": 4.92,
    "stock": 54,
    "category": "sketch",
    "thumbnail": "//gallerist.in/cdn/shop/products/c61F2ekngz_180x.jpg?v=1669739464 180w, //gallerist.in/cdn/shop/products/c61F2ekngz_360x.jpg?v=1669739464 360w, //gallerist.in/cdn/shop/products/c61F2ekngz_540x.jpg?v=1669739464 540w, //gallerist.in/cdn/shop/products/c61F2ekngz_720x.jpg?v=1669739464 720w, //gallerist.in/cdn/shop/products/c61F2ekngz_900x.jpg?v=1669739464 900w, //gallerist.in/cdn/shop/products/c61F2ekngz_1080x.jpg?v=1669739464 1080w, //gallerist.in/cdn/shop/products/c61F2ekngz_1296x.jpg?v=1669739464 1296w, //gallerist.in/cdn/shop/products/c61F2ekngz_1512x.jpg?v=1669739464 1512w, //gallerist.in/cdn/shop/products/c61F2ekngz_1728x.jpg?v=1669739464 1728w, //gallerist.in/cdn/shop/products/c61F2ekngz_1950x.jpg?v=1669739464 1950w, //gallerist.in/cdn/shop/products/c61F2ekngz_2100x.jpg?v=1669739464 2100w, //gallerist.in/cdn/shop/products/c61F2ekngz_2260x.jpg?v=1669739464 2260w, //gallerist.in/cdn/shop/products/c61F2ekngz_2450x.jpg?v=1669739464 2450w, //gallerist.in/cdn/shop/products/c61F2ekngz_2700x.jpg?v=1669739464 2700w, //gallerist.in/cdn/shop/products/c61F2ekngz_3000x.jpg?v=1669739464 3000w, //gallerist.in/cdn/shop/products/c61F2ekngz_3350x.jpg?v=1669739464 3350w, //gallerist.in/cdn/shop/products/c61F2ekngz_3750x.jpg?v=1669739464 3750w, //gallerist.in/cdn/shop/products/c61F2ekngz_4100x.jpg?v=1669739464 4100w"
  },
  {
    "id": 44,
    "title": "Foliage",
    "description": "Visit my Instagram account soylisahart for more details",
    "price": 1200,
    "rating": 4.92,
    "stock": 54,
    "category": "sketch",
    "thumbnail": "//gallerist.in/cdn/shop/products/eVwBe1oRwP_180x.jpg?v=1669556542 180w, //gallerist.in/cdn/shop/products/eVwBe1oRwP_360x.jpg?v=1669556542 360w, //gallerist.in/cdn/shop/products/eVwBe1oRwP_540x.jpg?v=1669556542 540w, //gallerist.in/cdn/shop/products/eVwBe1oRwP_720x.jpg?v=1669556542 720w, //gallerist.in/cdn/shop/products/eVwBe1oRwP_900x.jpg?v=1669556542 900w, //gallerist.in/cdn/shop/products/eVwBe1oRwP_1080x.jpg?v=1669556542 1080w, //gallerist.in/cdn/shop/products/eVwBe1oRwP_1296x.jpg?v=1669556542 1296w, //gallerist.in/cdn/shop/products/eVwBe1oRwP_1512x.jpg?v=1669556542 1512w, //gallerist.in/cdn/shop/products/eVwBe1oRwP_1728x.jpg?v=1669556542 1728w, //gallerist.in/cdn/shop/products/eVwBe1oRwP_1950x.jpg?v=1669556542 1950w, //gallerist.in/cdn/shop/products/eVwBe1oRwP_2100x.jpg?v=1669556542 2100w, //gallerist.in/cdn/shop/products/eVwBe1oRwP_2260x.jpg?v=1669556542 2260w, //gallerist.in/cdn/shop/products/eVwBe1oRwP_2450x.jpg?v=1669556542 2450w, //gallerist.in/cdn/shop/products/eVwBe1oRwP_2700x.jpg?v=1669556542 2700w, //gallerist.in/cdn/shop/products/eVwBe1oRwP_3000x.jpg?v=1669556542 3000w, //gallerist.in/cdn/shop/products/eVwBe1oRwP_3350x.jpg?v=1669556542 3350w, //gallerist.in/cdn/shop/products/eVwBe1oRwP_3750x.jpg?v=1669556542 3750w, //gallerist.in/cdn/shop/products/eVwBe1oRwP_4100x.jpg?v=1669556542 4100w"
  },
  {
    "id": 45,
    "title": "Her",
    "description": "Visit my Instagram account soylisahart for more details",
    "price": 4200,
    "rating": 4.92,
    "stock": 54,
    "category": "sketch",
    "thumbnail": "//gallerist.in/cdn/shop/products/uc4vUFO1m4_180x.jpg?v=1669497160 180w, //gallerist.in/cdn/shop/products/uc4vUFO1m4_360x.jpg?v=1669497160 360w, //gallerist.in/cdn/shop/products/uc4vUFO1m4_540x.jpg?v=1669497160 540w, //gallerist.in/cdn/shop/products/uc4vUFO1m4_720x.jpg?v=1669497160 720w, //gallerist.in/cdn/shop/products/uc4vUFO1m4_900x.jpg?v=1669497160 900w, //gallerist.in/cdn/shop/products/uc4vUFO1m4_1080x.jpg?v=1669497160 1080w, //gallerist.in/cdn/shop/products/uc4vUFO1m4_1296x.jpg?v=1669497160 1296w, //gallerist.in/cdn/shop/products/uc4vUFO1m4_1512x.jpg?v=1669497160 1512w, //gallerist.in/cdn/shop/products/uc4vUFO1m4_1728x.jpg?v=1669497160 1728w, //gallerist.in/cdn/shop/products/uc4vUFO1m4_1950x.jpg?v=1669497160 1950w, //gallerist.in/cdn/shop/products/uc4vUFO1m4_2100x.jpg?v=1669497160 2100w, //gallerist.in/cdn/shop/products/uc4vUFO1m4_2260x.jpg?v=1669497160 2260w, //gallerist.in/cdn/shop/products/uc4vUFO1m4_2450x.jpg?v=1669497160 2450w, //gallerist.in/cdn/shop/products/uc4vUFO1m4_2700x.jpg?v=1669497160 2700w, //gallerist.in/cdn/shop/products/uc4vUFO1m4_3000x.jpg?v=1669497160 3000w, //gallerist.in/cdn/shop/products/uc4vUFO1m4_3350x.jpg?v=1669497160 3350w, //gallerist.in/cdn/shop/products/uc4vUFO1m4_3750x.jpg?v=1669497160 3750w, //gallerist.in/cdn/shop/products/uc4vUFO1m4_4100x.jpg?v=1669497160 4100w"
  },
  {
    "id": 46,
    "title": "The Girl",
    "description": "Visit my Instagram account soylisahart for more details",
    "price": 2100,
    "rating": 4.92,
    "stock": 54,
    "category": "sketch",
    "thumbnail": "//gallerist.in/cdn/shop/products/bHI2ZAGaLJ_180x.jpg?v=1669346651 180w, //gallerist.in/cdn/shop/products/bHI2ZAGaLJ_360x.jpg?v=1669346651 360w, //gallerist.in/cdn/shop/products/bHI2ZAGaLJ_540x.jpg?v=1669346651 540w, //gallerist.in/cdn/shop/products/bHI2ZAGaLJ_720x.jpg?v=1669346651 720w, //gallerist.in/cdn/shop/products/bHI2ZAGaLJ_900x.jpg?v=1669346651 900w, //gallerist.in/cdn/shop/products/bHI2ZAGaLJ_1080x.jpg?v=1669346651 1080w, //gallerist.in/cdn/shop/products/bHI2ZAGaLJ_1296x.jpg?v=1669346651 1296w, //gallerist.in/cdn/shop/products/bHI2ZAGaLJ_1512x.jpg?v=1669346651 1512w, //gallerist.in/cdn/shop/products/bHI2ZAGaLJ_1728x.jpg?v=1669346651 1728w, //gallerist.in/cdn/shop/products/bHI2ZAGaLJ_1950x.jpg?v=1669346651 1950w, //gallerist.in/cdn/shop/products/bHI2ZAGaLJ_2100x.jpg?v=1669346651 2100w, //gallerist.in/cdn/shop/products/bHI2ZAGaLJ_2260x.jpg?v=1669346651 2260w, //gallerist.in/cdn/shop/products/bHI2ZAGaLJ_2450x.jpg?v=1669346651 2450w, //gallerist.in/cdn/shop/products/bHI2ZAGaLJ_2700x.jpg?v=1669346651 2700w, //gallerist.in/cdn/shop/products/bHI2ZAGaLJ_3000x.jpg?v=1669346651 3000w, //gallerist.in/cdn/shop/products/bHI2ZAGaLJ_3350x.jpg?v=1669346651 3350w, //gallerist.in/cdn/shop/products/bHI2ZAGaLJ_3750x.jpg?v=1669346651 3750w, //gallerist.in/cdn/shop/products/bHI2ZAGaLJ_4100x.jpg?v=1669346651 4100w"
  },
  {
    "id": 47,
    "title": "Buddha Painting",
    "description": "Visit my Instagram account soylisahart for more details",
    "price": 12500,
    "rating": 4.92,
    "stock": 54,
    "category": "buddha drawings",
    "thumbnail": "//gallerist.in/cdn/shop/products/QW7VWit8on_180x.jpg?v=1683568259 180w, //gallerist.in/cdn/shop/products/QW7VWit8on_360x.jpg?v=1683568259 360w, //gallerist.in/cdn/shop/products/QW7VWit8on_540x.jpg?v=1683568259 540w, //gallerist.in/cdn/shop/products/QW7VWit8on_720x.jpg?v=1683568259 720w, //gallerist.in/cdn/shop/products/QW7VWit8on_900x.jpg?v=1683568259 900w, //gallerist.in/cdn/shop/products/QW7VWit8on_1080x.jpg?v=1683568259 1080w, //gallerist.in/cdn/shop/products/QW7VWit8on_1296x.jpg?v=1683568259 1296w, //gallerist.in/cdn/shop/products/QW7VWit8on_1512x.jpg?v=1683568259 1512w, //gallerist.in/cdn/shop/products/QW7VWit8on_1728x.jpg?v=1683568259 1728w, //gallerist.in/cdn/shop/products/QW7VWit8on_1950x.jpg?v=1683568259 1950w, //gallerist.in/cdn/shop/products/QW7VWit8on_2100x.jpg?v=1683568259 2100w, //gallerist.in/cdn/shop/products/QW7VWit8on_2260x.jpg?v=1683568259 2260w, //gallerist.in/cdn/shop/products/QW7VWit8on_2450x.jpg?v=1683568259 2450w, //gallerist.in/cdn/shop/products/QW7VWit8on_2700x.jpg?v=1683568259 2700w, //gallerist.in/cdn/shop/products/QW7VWit8on_3000x.jpg?v=1683568259 3000w, //gallerist.in/cdn/shop/products/QW7VWit8on_3350x.jpg?v=1683568259 3350w, //gallerist.in/cdn/shop/products/QW7VWit8on_3750x.jpg?v=1683568259 3750w, //gallerist.in/cdn/shop/products/QW7VWit8on_4100x.jpg?v=1683568259 4100w"
  },
  {
    "id": 48,
    "title": "Buddha Painting",
    "description": "Visit my Instagram account soylisahart for more details",
    "price": 7000,
    "rating": 4.92,
    "stock": 54,
    "category": "buddha drawings",
    "thumbnail": "//gallerist.in/cdn/shop/products/VY9TBWynEW_180x.jpg?v=1683565992 180w, //gallerist.in/cdn/shop/products/VY9TBWynEW_360x.jpg?v=1683565992 360w, //gallerist.in/cdn/shop/products/VY9TBWynEW_540x.jpg?v=1683565992 540w, //gallerist.in/cdn/shop/products/VY9TBWynEW_720x.jpg?v=1683565992 720w, //gallerist.in/cdn/shop/products/VY9TBWynEW_900x.jpg?v=1683565992 900w, //gallerist.in/cdn/shop/products/VY9TBWynEW_1080x.jpg?v=1683565992 1080w, //gallerist.in/cdn/shop/products/VY9TBWynEW_1296x.jpg?v=1683565992 1296w, //gallerist.in/cdn/shop/products/VY9TBWynEW_1512x.jpg?v=1683565992 1512w, //gallerist.in/cdn/shop/products/VY9TBWynEW_1728x.jpg?v=1683565992 1728w, //gallerist.in/cdn/shop/products/VY9TBWynEW_1950x.jpg?v=1683565992 1950w, //gallerist.in/cdn/shop/products/VY9TBWynEW_2100x.jpg?v=1683565992 2100w, //gallerist.in/cdn/shop/products/VY9TBWynEW_2260x.jpg?v=1683565992 2260w, //gallerist.in/cdn/shop/products/VY9TBWynEW_2450x.jpg?v=1683565992 2450w, //gallerist.in/cdn/shop/products/VY9TBWynEW_2700x.jpg?v=1683565992 2700w, //gallerist.in/cdn/shop/products/VY9TBWynEW_3000x.jpg?v=1683565992 3000w, //gallerist.in/cdn/shop/products/VY9TBWynEW_3350x.jpg?v=1683565992 3350w, //gallerist.in/cdn/shop/products/VY9TBWynEW_3750x.jpg?v=1683565992 3750w, //gallerist.in/cdn/shop/products/VY9TBWynEW_4100x.jpg?v=1683565992 4100w"
  },
  {
    "id": 49,
    "title": "Buddha Painting",
    "description": "Visit my Instagram account soylisahart for more details",
    "price": 8200,
    "rating": 4.92,
    "stock": 54,
    "category": "buddha drawings",
    "thumbnail": "//gallerist.in/cdn/shop/products/jfNLU82lSL_180x.jpg?v=1682788293 180w, //gallerist.in/cdn/shop/products/jfNLU82lSL_360x.jpg?v=1682788293 360w, //gallerist.in/cdn/shop/products/jfNLU82lSL_540x.jpg?v=1682788293 540w, //gallerist.in/cdn/shop/products/jfNLU82lSL_720x.jpg?v=1682788293 720w, //gallerist.in/cdn/shop/products/jfNLU82lSL_900x.jpg?v=1682788293 900w, //gallerist.in/cdn/shop/products/jfNLU82lSL_1080x.jpg?v=1682788293 1080w, //gallerist.in/cdn/shop/products/jfNLU82lSL_1296x.jpg?v=1682788293 1296w, //gallerist.in/cdn/shop/products/jfNLU82lSL_1512x.jpg?v=1682788293 1512w, //gallerist.in/cdn/shop/products/jfNLU82lSL_1728x.jpg?v=1682788293 1728w, //gallerist.in/cdn/shop/products/jfNLU82lSL_1950x.jpg?v=1682788293 1950w, //gallerist.in/cdn/shop/products/jfNLU82lSL_2100x.jpg?v=1682788293 2100w, //gallerist.in/cdn/shop/products/jfNLU82lSL_2260x.jpg?v=1682788293 2260w, //gallerist.in/cdn/shop/products/jfNLU82lSL_2450x.jpg?v=1682788293 2450w, //gallerist.in/cdn/shop/products/jfNLU82lSL_2700x.jpg?v=1682788293 2700w, //gallerist.in/cdn/shop/products/jfNLU82lSL_3000x.jpg?v=1682788293 3000w, //gallerist.in/cdn/shop/products/jfNLU82lSL_3350x.jpg?v=1682788293 3350w, //gallerist.in/cdn/shop/products/jfNLU82lSL_3750x.jpg?v=1682788293 3750w, //gallerist.in/cdn/shop/products/jfNLU82lSL_4100x.jpg?v=1682788293 4100w"
  },
  {
    "id": 50,
    "title": "Leafy Girl",
    "description": "Visit my Instagram account soylisahart for more details",
    "price": 6200,
    "rating": 4.92,
    "stock": 54,
    "category": "buddha drawings",
    "thumbnail": "//gallerist.in/cdn/shop/products/Whisg9sY0i_180x.jpg?v=1679829636 180w, //gallerist.in/cdn/shop/products/Whisg9sY0i_360x.jpg?v=1679829636 360w, //gallerist.in/cdn/shop/products/Whisg9sY0i_540x.jpg?v=1679829636 540w, //gallerist.in/cdn/shop/products/Whisg9sY0i_720x.jpg?v=1679829636 720w, //gallerist.in/cdn/shop/products/Whisg9sY0i_900x.jpg?v=1679829636 900w, //gallerist.in/cdn/shop/products/Whisg9sY0i_1080x.jpg?v=1679829636 1080w, //gallerist.in/cdn/shop/products/Whisg9sY0i_1296x.jpg?v=1679829636 1296w, //gallerist.in/cdn/shop/products/Whisg9sY0i_1512x.jpg?v=1679829636 1512w, //gallerist.in/cdn/shop/products/Whisg9sY0i_1728x.jpg?v=1679829636 1728w, //gallerist.in/cdn/shop/products/Whisg9sY0i_1950x.jpg?v=1679829636 1950w, //gallerist.in/cdn/shop/products/Whisg9sY0i_2100x.jpg?v=1679829636 2100w, //gallerist.in/cdn/shop/products/Whisg9sY0i_2260x.jpg?v=1679829636 2260w, //gallerist.in/cdn/shop/products/Whisg9sY0i_2450x.jpg?v=1679829636 2450w, //gallerist.in/cdn/shop/products/Whisg9sY0i_2700x.jpg?v=1679829636 2700w, //gallerist.in/cdn/shop/products/Whisg9sY0i_3000x.jpg?v=1679829636 3000w, //gallerist.in/cdn/shop/products/Whisg9sY0i_3350x.jpg?v=1679829636 3350w, //gallerist.in/cdn/shop/products/Whisg9sY0i_3750x.jpg?v=1679829636 3750w, //gallerist.in/cdn/shop/products/Whisg9sY0i_4100x.jpg?v=1679829636 4100w"
  }
]
